iteration,time_s,timestamp_us,gt_z0,pred_z0,normalized_error_z0,gt_z1,pred_z1,normalized_error_z1,gt_z2,pred_z2,normalized_error_z2,gt_z3,pred_z3,normalized_error_z3,gt_z4,pred_z4,normalized_error_z4,gt_z5,pred_z5,normalized_error_z5,gt_z6,pred_z6,normalized_error_z6,gt_z7,pred_z7,normalized_error_z7,skill_rmse,oracle_ADE,oracle_FDE,prediction_ADE,prediction_FDE
0,0.0,1624895123749717,-0.8694367,-0.8748754,-0.0055319704,-0.8644607,-0.8320361,0.033227745,0.830321,0.9332531,0.11781389,-0.40476266,-0.43297887,-0.026425805,0.51713,0.58150136,0.05580577,-0.827986,-0.7308542,0.10958499,0.41579336,0.4984834,0.068378225,-0.83653545,-0.98994064,-0.1285198,0.08064521104097366,0.018871469423174858,0.03511489927768707,0.019929418340325356,0.044135723263025284
1,0.099947,1624895123849664,-0.8694543,-0.87227637,-0.002870414,-0.86437666,-0.8297557,0.035478458,0.82893366,0.93147093,0.117361985,-0.40483522,-0.43033695,-0.023883563,0.51701075,0.57774615,0.052653644,-0.8285344,-0.7305462,0.11055125,0.41518876,0.49524245,0.06619818,-0.8360273,-0.98721236,-0.1266598,0.0798671618103981,0.01877780817449093,0.03391752392053604,0.019933711737394333,0.043514542281627655
2,0.199893,1624895123949610,-0.8695124,-0.87126964,-0.0017873853,-0.8642645,-0.8288858,0.03625498,0.82713103,0.9330789,0.121265665,-0.40482295,-0.42999378,-0.023573665,0.5167238,0.5760332,0.05141736,-0.8290642,-0.72937864,0.112466164,0.41434187,0.4947723,0.0665097,-0.8353839,-0.9881845,-0.1280133,0.08114957064390182,0.01861659251153469,0.032878078520298004,0.02003299631178379,0.04325677827000618
3,0.299841,1624895124049558,-0.8695423,-0.8697142,-0.00017484633,-0.8641678,-0.82751524,0.0375604,0.8256345,0.9353424,0.12556933,-0.40477234,-0.42960283,-0.023254918,0.51644886,0.5738345,0.0497496,-0.82946473,-0.72805685,0.11440932,0.41364032,0.49453267,0.06689169,-0.834752,-0.9892783,-0.12945904,0.08255143463611603,0.018467595800757408,0.032001279294490814,0.020163370296359062,0.04268341511487961
4,0.399802,1624895124149519,-0.86955875,-0.869409,0.00015229333,-0.86409533,-0.82726324,0.037744377,0.8244545,0.93927747,0.13142395,-0.4046765,-0.43031052,-0.024007462,0.51613516,0.57252115,0.048882987,-0.82976955,-0.72603196,0.11703772,0.41303214,0.4951757,0.067926325,-0.83415776,-0.9923736,-0.13255005,0.08481166511774063,0.01839623972773552,0.031140025705099106,0.020414531230926514,0.04254236817359924
5,0.499778,1624895124249495,-0.8695949,-0.86633104,0.0033197764,-0.86403245,-0.8252904,0.039701656,0.82290065,0.9372328,0.13086213,-0.4045987,-0.4294528,-0.023277024,0.5158355,0.5732553,0.04977921,-0.8302008,-0.7275278,0.11583663,0.41230994,0.49525413,0.06858839,-0.83344954,-0.98904544,-0.13035513,0.08429626375436783,0.01834932155907154,0.029881129041314125,0.020450327545404434,0.04137929901480675
6,0.599774,1624895124349491,-0.86958766,-0.87115735,-0.0015965942,-0.86400855,-0.8287437,0.036138315,0.8208541,0.9478494,0.14535609,-0.40463936,-0.43307748,-0.026633633,0.5156424,0.57029456,0.047379863,-0.8308203,-0.720738,0.12419591,0.41153184,0.49819574,0.07166431,-0.8322709,-1.0013511,-0.141652,0.09084107726812363,0.018221447244286537,0.026453772559762,0.021033624187111855,0.04384821653366089
7,0.699793,1624895124449510,-0.869514,-0.8707153,-0.0012219236,-0.86400956,-0.8282944,0.03659978,0.8172159,0.9485888,0.15036659,-0.4047439,-0.43274298,-0.026222443,0.51524657,0.56945807,0.04699784,-0.83203465,-0.7203451,0.12600921,0.41016254,0.49801692,0.07264875,-0.8300887,-1.001725,-0.14379345,0.09265546500682831,0.018076907843351364,0.01967323198914528,0.021337468177080154,0.04576271399855614
8,0.799833,1624895124549550,-0.8691222,-0.8712148,-0.002128469,-0.8639045,-0.82874596,0.036029346,0.81084096,0.95054454,0.15990174,-0.40473863,-0.4332696,-0.026720576,0.51439047,0.5695779,0.04784389,-0.834173,-0.719299,0.12960193,0.40777305,0.4986796,0.07517266,-0.8261406,-1.0035319,-0.14861493,0.0964418351650238,0.018004102632403374,0.011401253752410412,0.022061360999941826,0.05294713005423546
9,0.899887,1624895124649604,-0.86805665,-0.87123674,-0.0032345962,-0.863385,-0.8292729,0.034957007,0.7994819,0.9474029,0.1693072,-0.4043206,-0.431958,-0.025883712,0.51280576,0.5703612,0.049896818,-0.83740085,-0.7202652,0.13215353,0.40348533,0.49767455,0.07788717,-0.8192034,-1.0004044,-0.15180655,0.09977050870656967,0.018587728962302208,0.018126370385289192,0.023317063227295876,0.06773054599761963
10,0.999957,1624895124749674,-0.8664443,-0.87112874,-0.004764744,-0.86259264,-0.82905436,0.03436898,0.77939105,0.94822884,0.19324814,-0.40399405,-0.4317866,-0.026029019,0.5115431,0.57030994,0.05094703,-0.84286225,-0.7193697,0.13932544,0.39638335,0.4981074,0.08411789,-0.8082262,-1.0003172,-0.16092998,0.108517125248909,0.0207023024559021,0.04267660155892372,0.025605052709579468,0.09193308651447296
11,1.10004,1624895124849757,-0.86381996,-0.8724858,-0.008814401,-0.8614867,-0.8300772,0.032187473,0.7487441,0.949151,0.22938149,-0.4040872,-0.43220404,-0.026332749,0.5111108,0.5714919,0.052346498,-0.8519835,-0.7187341,0.15033321,0.3858384,0.4991643,0.093711734,-0.79240507,-1.0010515,-0.17479984,0.12201439589262009,0.02471662126481533,0.07855457812547684,0.029335051774978638,0.12909835577011108
12,1.200124,1624895124949841,-0.8611623,-0.8729817,-0.012022018,-0.85862404,-0.83032537,0.028999597,0.70659363,0.95037067,0.279022,-0.40152538,-0.43264863,-0.029148383,0.50891656,0.5723947,0.055031445,-0.86297053,-0.71775585,0.16383255,0.3702109,0.5004458,0.107694134,-0.76836616,-1.001474,-0.1952931,0.1411096155643463,0.03057299740612507,0.12432891130447388,0.03479974344372749,0.1777765154838562
13,1.300203,1624895125049920,-0.85769045,-0.8740669,-0.016657144,-0.854779,-0.8310515,0.024315175,0.65132886,0.9504458,0.34236285,-0.3960704,-0.43276325,-0.03436458,0.5050558,0.57358193,0.05940771,-0.87514824,-0.71756774,0.17778379,0.34831846,0.5012128,0.12643172,-0.7359238,-1.0011413,-0.2221939,0.1657382696866989,0.04012862220406532,0.1709018051624298,0.0423751026391983,0.2387230098247528
14,1.400271,1624895125149988,-0.85273176,-0.8789513,-0.026668975,-0.8499772,-0.83462274,0.015734764,0.5828011,0.9551583,0.42619213,-0.38764638,-0.4347057,-0.044073265,0.49919558,0.57423407,0.06505349,-0.88796574,-0.71468943,0.19549194,0.3191011,0.5022779,0.15147299,-0.6937347,-1.0077121,-0.263044,0.19972676038742065,0.05315838009119034,0.22723187506198883,0.052770424634218216,0.3169056177139282
15,1.500329,1624895125250046,-0.8458532,-0.87849337,-0.03319964,-0.8431641,-0.83395284,0.009439393,0.50544584,0.9534444,0.51276964,-0.37689707,-0.4350982,-0.05450809,0.49454075,0.576703,0.07122933,-0.90655917,-0.7161909,0.21477528,0.28520042,0.5041211,0.18103041,-0.64380187,-1.0052502,-0.3028142,0.23525668680667877,0.0634012371301651,0.2747704088687897,0.06584750860929489,0.404020756483078
16,1.600378,1624895125350095,-0.83709717,-0.87966627,-0.043298773,-0.8347,-0.8348038,-0.00010640306,0.42234814,0.9531726,0.6075704,-0.3633659,-0.4355947,-0.06764568,0.49095574,0.57822907,0.075660296,-0.9280682,-0.71626073,0.23896319,0.2484399,0.50499564,0.21215165,-0.58687246,-1.0052936,-0.35054487,0.2752976715564728,0.06017808988690376,0.29211926460266113,0.08234632015228271,0.5037184357643127
17,1.700423,1624895125450140,-0.8267191,-0.8813372,-0.055554327,-0.8251831,-0.83609986,-0.011187164,0.3286355,0.9521077,0.71361303,-0.3472461,-0.43591923,-0.083046526,0.48563844,0.580002,0.08180708,-0.95381975,-0.71705776,0.26711708,0.20909457,0.5054484,0.24506158,-0.52847135,-1.0048606,-0.39910942,0.3195190131664276,0.048192329704761505,0.2799501121044159,0.10257992148399353,0.6163724064826965
18,1.800465,1624895125550182,-0.81801474,-0.8822199,-0.06530571,-0.8172567,-0.83677214,-0.019998828,0.24450284,0.9522627,0.8100869,-0.33419085,-0.4365932,-0.0959046,0.48819968,0.5810971,0.08053604,-0.9844217,-0.71705943,0.30164057,0.17562291,0.50624114,0.27339557,-0.47398496,-1.0055475,-0.44533247,0.3606664836406708,0.042025789618492126,0.24672295153141022,0.12704205513000488,0.7400308847427368
19,1.900508,1624895125650225,-0.80972904,-0.88368887,-0.075227566,-0.8097339,-0.83785534,-0.028817942,0.16406783,0.95122975,0.90096885,-0.31975782,-0.43679044,-0.10960653,0.49713135,0.5821563,0.073711105,-1.0209918,-0.7178816,0.34197173,0.14412114,0.50629765,0.29949182,-0.41718704,-1.0052361,-0.49265578,0.400785356760025,0.04683355242013931,0.21655771136283875,0.15596303343772888,0.8757779598236084
20,2.000554,1624895125750271,-0.80096734,-0.8849307,-0.08540255,-0.80075175,-0.8388145,-0.039005518,0.07544105,0.9510355,1.0021868,-0.2989834,-0.43743256,-0.12966412,0.5074132,0.58315045,0.065659255,-1.0643468,-0.7180174,0.39073205,0.108748116,0.5068069,0.3291637,-0.35512358,-1.0059884,-0.54528147,0.44618794322013855,0.05075422674417496,0.19784758985042572,0.19004128873348236,1.0294231176376343
21,2.100598,1624895125850315,-0.7914881,-0.8910511,-0.1012696,-0.79187447,-0.84359735,-0.053003993,-0.009413734,0.95955515,1.1090612,-0.27663708,-0.4414012,-0.15430933,0.52240133,0.5847161,0.054022834,-1.112216,-0.71498483,0.4481599,0.07465284,0.5101283,0.36010435,-0.29384553,-1.0162408,-0.60520834,0.49580883979797363,0.0500808022916317,0.18885007500648499,0.22980384528636932,1.194884181022644
22,2.200642,1624895125950359,-0.7796596,-0.8896591,-0.111884974,-0.77916574,-0.84219,-0.06458531,-0.098635525,0.96068573,1.2124766,-0.25197744,-0.44276297,-0.17867959,0.54183203,0.58541995,0.037787892,-1.165715,-0.71518236,0.5082951,0.037180103,0.5121266,0.39274386,-0.22598504,-1.0170801,-0.6627636,0.5445193648338318,0.048824213445186615,0.16242021322250366,0.27532002329826355,1.3732306957244873
23,2.300685,1624895126050402,-0.767343,-0.8917855,-0.12657557,-0.7637885,-0.8441844,-0.08238718,-0.19034965,0.96268696,1.3197412,-0.22372124,-0.4433733,-0.20571445,0.560372,0.5843436,0.020781832,-1.2205482,-0.71346587,0.572095,-0.002019992,0.511586,0.42471224,-0.15201986,-1.0209799,-0.7279973,0.5963356494903564,0.05314509570598602,0.12419939041137695,0.3272651731967926,1.5684727430343628
24,2.400716,1624895126150433,-0.7544158,-0.88829976,-0.13617885,-0.747107,-0.84305125,-0.09832064,-0.25445992,0.96558106,1.3964331,-0.19512093,-0.44471216,-0.23375387,0.58257824,0.5842774,0.0014730522,-1.274508,-0.7153905,0.63080156,-0.030824913,0.50947744,0.44678804,-0.07898463,-1.0265031,-0.793812,0.6384108662605286,0.04665625840425491,0.14988429844379425,0.38591715693473816,1.772286057472229
25,2.500724,1624895126250441,-0.73778284,-0.8879938,-0.15278573,-0.7251093,-0.84275436,-0.120559,-0.3220011,0.96510136,1.4731902,-0.16263929,-0.4443634,-0.26384783,0.60603654,0.58388126,-0.01920719,-1.3285084,-0.7158715,0.6911826,-0.06209235,0.5087978,0.4720818,0.0057736225,-1.0258489,-0.8642727,0.6824325919151306,0.039000656455755234,0.1564139872789383,0.4517790675163269,1.9880012273788452
26,2.600712,1624895126350429,-0.7177471,-0.8870775,-0.1722329,-0.7032657,-0.84195244,-0.1421218,-0.39216524,0.9651512,1.5535556,-0.12927386,-0.44405484,-0.29480714,0.6293196,0.58310795,-0.040062502,-1.3802164,-0.7158751,0.749516,-0.09212791,0.5083229,0.49652615,0.09109567,-1.0255728,-0.9355225,0.7276184558868408,0.031224172562360764,0.1562177687883377,0.5254637002944946,2.2205569744110107
27,2.700679,1624895126450396,-0.6959632,-0.88716316,-0.1944773,-0.681723,-0.84190434,-0.16414882,-0.46273416,0.96247053,1.6312591,-0.09626692,-0.44276062,-0.32450756,0.65218943,0.5831612,-0.059843007,-1.4280822,-0.7171888,0.80203664,-0.120234706,0.5068285,0.5185325,0.17435466,-1.0223222,-1.0025519,0.7707064747810364,0.03655562922358513,0.15794023871421814,0.6071190237998962,2.4612042903900146
28,2.800625,1624895126550342,-0.67310375,-0.8861618,-0.21671008,-0.65843993,-0.8409218,-0.18700172,-0.53346854,0.9507133,1.698763,-0.059849463,-0.43888995,-0.35498917,0.67312765,0.5804518,-0.08034395,-1.4748197,-0.72014743,0.8514282,-0.15093948,0.50028783,0.5385144,0.25936314,-1.0146254,-1.0673221,0.8104246854782104,0.0584680549800396,0.16215990483760834,0.6963745355606079,2.7163496017456055
29,2.900559,1624895126650276,-0.64860773,-0.8842245,-0.23965544,-0.6318044,-0.839074,-0.2124034,-0.6142997,0.9209733,1.757241,-0.016858362,-0.4295499,-0.38650495,0.6898618,0.5742253,-0.10024929,-1.5187049,-0.7274634,0.892686,-0.1871067,0.4839531,0.5549143,0.35056403,-0.99655026,-1.1285855,0.8461977243423462,0.05600003898143768,0.11119160801172256,0.7931545972824097,2.9853250980377197
30,3.000488,1624895126750205,-0.6210645,-0.88114154,-0.26453504,-0.60547507,-0.8362924,-0.23653436,-0.69762164,0.8938109,1.82152,0.027436055,-0.42108935,-0.42006505,0.7014012,0.56734437,-0.11621853,-1.5560882,-0.7332769,0.92830336,-0.22519183,0.46869978,0.5737945,0.44150946,-0.9812755,-1.1919807,0.8835743069648743,0.06037114933133125,0.0789438784122467,0.8999055027961731,3.2652242183685303
31,3.100429,1624895126850146,-0.5929075,-0.8780125,-0.28999195,-0.5792033,-0.8335432,-0.26063955,-0.7504654,0.8706886,1.8555385,0.06487853,-0.41322342,-0.44776487,0.7157945,0.5620159,-0.13331605,-1.5870466,-0.7386984,0.95711434,-0.25003725,0.45556995,0.58348227,0.52455825,-0.9680998,-1.250519,0.9106066226959229,0.0833708792924881,0.08750613033771515,1.0169072151184082,3.557607650756836
32,3.200377,1624895126950094,-0.5621057,-0.8751409,-0.31840092,-0.55159235,-0.8310151,-0.2863437,-0.8134929,0.84878415,1.902607,0.10583467,-0.40542915,-0.47882256,0.7186037,0.55709803,-0.14001489,-1.6112807,-0.744242,0.9782011,-0.28275952,0.44291398,0.6000756,0.6065059,-0.9549954,-1.3081945,0.9407776594161987,0.08186149597167969,0.06879568099975586,1.144469976425171,3.8653664588928223
33,3.300331,1624895127050048,-0.5294463,-0.87271994,-0.34915766,-0.5229192,-0.8288441,-0.31350225,-0.88640624,0.8317758,1.9665947,0.15011382,-0.39923793,-0.51449364,0.7124135,0.552963,-0.13823318,-1.6274257,-0.74857825,0.99152386,-0.32106012,0.43291447,0.62347835,0.68708605,-0.9446703,-1.3670528,0.9754601120948792,0.08247843384742737,0.06362424045801163,1.2831230163574219,4.1856160163879395
34,3.400292,1624895127150009,-0.49608698,-0.87081534,-0.38115156,-0.49340037,-0.82713896,-0.34200487,-0.9661313,0.8152321,2.0389109,0.1963146,-0.39307117,-0.55198735,0.69911355,0.548659,-0.13043427,-1.6365757,-0.75279015,0.9970951,-0.3633666,0.42276093,0.6500664,0.7662642,-0.93486273,-1.4251701,1.0117435455322266,0.07669253647327423,0.058879923075437546,1.4333875179290771,4.521697998046875
35,3.500253,1624895127249970,-0.46111998,-0.86754566,-0.41339222,-0.4621321,-0.82415235,-0.37098703,-1.0571002,0.7895245,2.1136074,0.24559632,-0.38416728,-0.5898031,0.6798806,0.5423121,-0.11926296,-1.6396832,-0.75858456,0.99406374,-0.41011637,0.4078656,0.6764075,0.8458986,-0.920544,-1.4798903,1.047241449356079,0.0680074542760849,0.07281327247619629,1.5954760313034058,4.874595642089844
36,3.600223,1624895127349940,-0.4251183,-0.8594541,-0.44178072,-0.42979074,-0.81694347,-0.39674202,-1.1563575,0.7207373,2.1484828,0.29614753,-0.3634692,-0.61776197,0.65532,0.52844703,-0.1099906,-1.6359336,-0.77205163,0.9746397,-0.4595768,0.37162122,0.68733615,0.92303234,-0.8859435,-1.5155237,1.0654486417770386,0.057972636073827744,0.1201341524720192,1.7679680585861206,5.236588001251221
37,3.700196,1624895127449913,-0.38816366,-0.83982474,-0.45940298,-0.39616507,-0.798602,-0.41240475,-1.258537,0.57499546,2.0986223,0.34625226,-0.3205057,-0.62445,0.62594104,0.49728426,-0.111537054,-1.6277919,-0.7961895,0.9382216,-0.50980914,0.29606816,0.6663979,1.000383,-0.81484187,-1.5207591,1.0502843856811523,0.05741213262081146,0.08210165798664093,1.9481738805770874,5.602927207946777
38,3.800171,1624895127549888,-0.35083672,-0.8065439,-0.4635184,-0.36132088,-0.7669937,-0.41572082,-1.3630197,0.32104212,1.9275414,0.3964802,-0.24702013,-0.6026682,0.5930263,0.44064322,-0.1321062,-1.6165955,-0.8373571,0.879144,-0.5610269,0.16382334,0.59939474,1.076707,-0.6875056,-1.478022,0.9874504804611206,0.050404034554958344,0.1319938749074936,2.0551323890686035,5.738520622253418
39,3.90014,1624895127649857,-0.31566754,-0.755349,-0.447218,-0.32706732,-0.71644694,-0.39902404,-1.4616017,-0.043686096,1.6229161,0.44366598,-0.14746855,-0.5536252,0.5603525,0.36372843,-0.17046027,-1.6033165,-0.8941577,0.8000796,-0.6088738,-0.021587167,0.48564038,1.1474941,-0.49387166,-1.3751034,0.872891902923584,0.06398852914571762,0.19124636054039001,2.0164334774017334,5.468908309936523
40,4.000109,1624895127749826,-0.2801704,-0.6857293,-0.41251057,-0.2920131,-0.64091414,-0.35754287,-1.5632269,-0.49958235,1.2174251,0.48975804,-0.008520673,-0.46666136,0.5281852,0.27153352,-0.2225003,-1.587091,-0.9738626,0.69184995,-0.6556902,-0.25062886,0.33495423,1.2178344,-0.22258697,-1.2067561,0.7154120802879333,0.1262272447347641,0.30904310941696167,1.7905889749526978,4.860687732696533
41,4.100078,1624895127849795,-0.24758705,-0.5992191,-0.35765934,-0.25890434,-0.5479812,-0.29623693,-1.6509361,-0.95103985,0.8010864,0.5348082,0.13832586,-0.3713243,0.49694115,0.18355988,-0.27168116,-1.5687954,-1.0464801,0.5892811,-0.6984345,-0.47145727,0.18769251,1.2848414,0.07623221,-1.0125486,0.5564220547676086,0.16515201330184937,0.3648932874202728,1.4881900548934937,4.0837836265563965
42,4.200043,1624895127949760,-0.2224473,-0.5188559,-0.30148935,-0.23280501,-0.46614814,-0.23912273,-1.7121879,-1.2704159,0.50564283,0.5707477,0.2384682,-0.31119528,0.47432715,0.11045663,-0.31545204,-1.5453227,-1.0705693,0.53562117,-0.7271169,-0.62092346,0.087813705,1.3386375,0.25719628,-0.90600973,0.4630817472934723,0.14203669130802155,0.30909812450408936,1.2215877771377563,3.492003917694092
43,4.300005,1624895128049722,-0.19960406,-0.45872968,-0.26356727,-0.20781396,-0.40636322,-0.20346706,-1.7620388,-1.4683743,0.33612224,0.6033916,0.30360222,-0.2807668,0.45533016,0.06599079,-0.33753192,-1.5214679,-1.0678927,0.5117278,-0.7509631,-0.7057913,0.037353564,1.3882766,0.37539956,-0.8485681,0.4183197021484375,0.09908605366945267,0.21763810515403748,1.048521876335144,3.106032133102417
44,4.399967,1624895128149684,-0.17609492,-0.38360527,-0.21106727,-0.18255726,-0.33555225,-0.15678447,-1.8107787,-1.6529366,0.18066278,0.6351624,0.38682505,-0.23257957,0.44193637,0.036818963,-0.35121045,-1.4980104,-1.0789514,0.4727863,-0.7703419,-0.786915,-0.013704691,1.438913,0.55058205,-0.74422586,0.3634554147720337,0.06078096106648445,0.13028033077716827,0.7925158739089966,2.478250503540039
45,4.499931,1624895128249648,-0.15099835,-0.35459507,-0.20708655,-0.1552181,-0.3097234,-0.15833221,-1.8522385,-1.7529074,0.11369231,0.66684276,0.43268183,-0.21930268,0.42584762,0.030922277,-0.3423746,-1.4728272,-1.0852387,0.43728095,-0.7883518,-0.8296289,-0.03413296,1.491085,0.6514404,-0.7034375,0.34157684445381165,0.04787973687052727,0.09887366741895676,0.7970418930053711,2.457235813140869
46,4.599896,1624895128349613,-0.12555842,-0.28731003,-0.16452418,-0.12855853,-0.24610874,-0.12046178,-1.891664,-1.8326163,0.067584746,0.6992908,0.50134367,-0.18538678,0.40676683,0.011495871,-0.34267423,-1.4457798,-1.0852776,0.40672198,-0.8076849,-0.87350327,-0.054426678,1.5433899,0.7954039,-0.6266477,0.30802053213119507,0.03868301957845688,0.07697665691375732,0.6046155691146851,1.9519609212875366
47,4.699863,1624895128449580,-0.09969431,-0.2681795,-0.17137319,-0.101586044,-0.22724997,-0.12877645,-1.9272885,-1.8664525,0.06963168,0.73542416,0.52776736,-0.19448033,0.38064498,-0.004652637,-0.33402798,-1.4177535,-1.0753756,0.38627395,-0.83145124,-0.89983326,-0.05654662,1.5958403,0.83402807,-0.63823104,0.3082089126110077,0.0349397175014019,0.06907127797603607,0.6684847474098206,2.094512701034546
48,4.799842,1624895128549559,-0.07524265,-0.11084949,-0.03621717,-0.075894214,-0.07308636,0.0028774026,-1.9649401,-1.8931077,0.08221786,0.76784164,0.6523474,-0.10816578,0.3570931,0.00464229,-0.30555192,-1.3875742,-1.1139443,0.3087118,-0.8521762,-0.92397493,-0.059371978,1.643395,1.1511755,-0.4123716,0.21852341294288635,0.04772304743528366,0.08443549275398254,0.19691362977027893,0.41372790932655334
49,4.89984,1624895128649557,-0.048807036,-0.035514016,0.013520875,-0.048685443,0.00046296022,0.050365746,-2.0074968,-1.9004028,0.12257758,0.8027709,0.7288587,-0.06922224,0.33201987,0.03365348,-0.25866425,-1.3549578,-1.1754854,0.20248249,-0.8751341,-0.9351302,-0.049612086,1.6933817,1.3712325,-0.26989013,0.1603686809539795,0.06749705970287323,0.12320896983146667,0.34559085965156555,0.41836583614349365
50,4.999853,1624895128749570,-0.020450082,-0.019095588,0.0013777105,-0.019488461,0.017549131,0.037954964,-2.04541,-1.8457873,0.22848383,0.837064,0.7548429,-0.077003956,0.30839187,0.037117105,-0.23517758,-1.3264968,-1.180557,0.16465068,-0.8973943,-0.92564577,-0.023361769,1.7426862,1.4331466,-0.25932604,0.1619378924369812,0.06482198089361191,0.12768542766571045,0.2624591290950775,0.3876762092113495
51,5.099877,1624895128849594,0.0070828423,-0.026333738,-0.033989374,0.009752674,0.011735294,0.002031727,-2.0886376,-1.8229259,0.30412793,0.8691872,0.7870492,-0.07692609,0.28418058,0.063584015,-0.19124287,-1.2945323,-1.1693118,0.14127497,-0.91804856,-0.916076,0.0016311506,1.7876055,1.512307,-0.23063955,0.161748468875885,0.05196303874254227,0.12213481962680817,0.11241474002599716,0.3824528455734253
52,5.199911,1624895128949628,0.034808584,-0.15517913,-0.1932443,0.039725058,-0.11436631,-0.15790801,-2.1321456,-2.0164633,0.13240758,0.90182126,0.71362376,-0.17625576,0.25971326,0.0028281633,-0.22270268,-1.2630796,-0.94250506,0.36167523,-0.9395642,-0.94087476,-0.0010837043,1.8341408,1.2153516,-0.5184092,0.26458242535591125,0.04534691572189331,0.12941165268421173,0.8980315327644348,2.3125839233398438
53,5.29996,1624895129049677,0.06253279,-0.33201793,-0.4013137,0.06942749,-0.29968163,-0.37825146,-2.1720629,-2.2488184,-0.08785274,0.9341816,0.49769387,-0.40879118,0.23259199,-0.19290294,-0.3688764,-1.2339888,-0.5851936,0.73197675,-0.9618791,-0.99134797,-0.024368485,1.8797494,0.46212584,-1.1876566,0.5658994317054749,0.04480407387018204,0.13749736547470093,2.0126516819000244,5.446316719055176
54,5.400022,1624895129149739,0.088933185,-0.3176176,-0.41351944,0.097058475,-0.2922586,-0.39895993,-2.2182758,-2.3494954,-0.1501912,0.96706563,0.4867712,-0.44981825,0.19954807,-0.25630918,-0.39519858,-1.1962321,-0.46854755,0.8209804,-0.98720753,-1.020383,-0.027433533,1.922943,0.35002947,-1.3177555,0.6247483491897583,0.04492844268679619,0.13949307799339294,2.103590726852417,5.786008358001709
55,5.500081,1624895129249798,0.11499209,-0.38397285,-0.50751764,0.12474568,-0.35829103,-0.4950009,-2.2692058,-2.245307,0.027354104,0.9982001,0.3988378,-0.5613309,0.16647734,-0.3171279,-0.4192543,-1.1548593,-0.4333987,0.8139585,-1.013265,-1.0100613,0.002649252,1.9611996,0.08572735,-1.5712332,0.7181159257888794,0.04560186341404915,0.14212869107723236,2.6098687648773193,7.0240325927734375
56,5.600138,1624895129349855,0.1411126,-0.28586134,-0.43429267,0.15177673,-0.23706305,-0.39847085,-2.3218758,-1.9640551,0.40955403,1.028952,0.5693094,-0.4304768,0.1345636,-0.20025302,-0.29026425,-1.1122084,-0.7799849,0.3748176,-1.037469,-1.0117822,0.021241037,1.9971942,0.6418227,-1.135503,0.5261884331703186,0.046891409903764725,0.14187763631343842,2.4248571395874023,5.8457722663879395
57,5.700202,1624895129449919,0.16799611,-0.18456964,-0.35860908,0.17945716,-0.12031011,-0.3071921,-2.3717825,-1.8033628,0.6506011,1.0649925,0.7172616,-0.3256663,0.08834878,-0.14270802,-0.20031121,-1.0681665,-1.0400342,0.031739146,-1.0714221,-1.0572397,0.011727783,2.0334995,1.0767219,-0.8015691,0.42368772625923157,0.04764197766780853,0.13534751534461975,2.017066717147827,4.484103202819824
58,5.800269,1624895129549986,0.19441229,-0.08028566,-0.27940655,0.20708391,-0.014964219,-0.22754797,-2.421775,-1.8039317,0.7071704,1.0995775,0.8687932,-0.21614036,0.04294988,-0.121240035,-0.14234197,-1.0220189,-1.1544927,-0.1494582,-1.1030008,-1.1156468,-0.010457325,2.0676126,1.4512341,-0.5163896,0.3510732352733612,0.04748198762536049,0.12687550485134125,1.557723879814148,3.260939836502075
59,5.900334,1624895129650051,0.22098236,-0.013608772,-0.23861223,0.23434433,0.046962734,-0.1920228,-2.4782407,-1.9356886,0.6209936,1.1342846,0.96090317,-0.16237985,-0.0022525103,-0.11851241,-0.10078976,-0.972842,-1.1248046,-0.17144567,-1.134426,-1.164986,-0.025270758,2.1014569,1.6538553,-0.37499163,0.2929629385471344,0.04806487634778023,0.11473901569843292,1.294981837272644,2.643265962600708
60,6.000404,1624895129750121,0.247273,-0.048939604,-0.30128998,0.2605926,0.009811133,-0.256993,-2.543607,-2.2025638,0.39035085,1.1686646,0.9554935,-0.19964468,-0.04910931,-0.17804511,-0.111778945,-0.9189643,-0.92499906,-0.0068084407,-1.1687634,-1.2220781,-0.0440871,2.1309228,1.5469501,-0.48924062,0.2745209038257599,0.04784012585878372,0.10680761188268661,1.5544737577438354,3.3346662521362305
61,6.100468,1624895129850185,0.27364558,-0.026305098,-0.30509213,0.28661016,0.026795302,-0.26625013,-2.6064274,-2.3865247,0.25169602,1.2054888,0.9767505,-0.21422414,-0.10393523,-0.21653856,-0.097619765,-0.86369926,-0.812059,0.058261037,-1.2072475,-1.2663057,-0.048836533,2.1598957,1.5485594,-0.51216525,0.262401282787323,0.048257432878017426,0.09432332217693329,1.5488139390945435,3.3763420581817627
62,6.200533,1624895129950250,0.29985788,-0.022859562,-0.32824913,0.31221786,0.02034792,-0.29909918,-2.6741488,-2.6156762,0.06692653,1.2394856,0.97531915,-0.24740428,-0.15352191,-0.31903818,-0.14349183,-0.80861217,-0.60520655,0.22948411,-1.243216,-1.3250022,-0.0676308,2.186596,1.4064703,-0.65357363,0.3098146915435791,0.05112363398075104,0.07606900483369827,1.6219402551651,3.7473068237304688
63,6.300602,1624895130050319,0.32380974,-0.0033162127,-0.3327332,0.3363568,0.031925563,-0.3119716,-2.730852,-2.8137307,-0.09486134,1.2747961,1.0109615,-0.24709345,-0.21237263,-0.43329182,-0.19152257,-0.7438756,-0.38655397,0.4031336,-1.279938,-1.3887345,-0.08996623,2.2094839,1.3174229,-0.7473509,0.36123335361480713,0.05927281826734543,0.06494151800870895,1.612287998199463,3.9226877689361572
64,6.40065,1624895130150367,0.35498118,0.06511239,-0.29483742,0.36787271,0.09581458,-0.27879664,-2.7632954,-2.9297953,-0.1905722,1.3087195,1.089269,-0.20552565,-0.27683246,-0.46505865,-0.16317986,-0.6635821,-0.2786679,0.43426377,-1.3084853,-1.4212711,-0.0932651,2.228174,1.4351192,-0.66440547,0.33700165152549744,0.04686758667230606,0.11026131361722946,1.3709179162979126,3.382267475128174
65,6.500667,1624895130250384,0.3849891,0.14937375,-0.23965402,0.3984765,0.17580147,-0.2281904,-2.7826798,-2.9311318,-0.16991505,1.3434185,1.1520827,-0.17919494,-0.33377457,-0.4670504,-0.11554148,-0.5790958,-0.25602052,0.36449653,-1.3339025,-1.4166414,-0.06841862,2.2417412,1.5779849,-0.5560817,0.28075844049453735,0.060210149735212326,0.18881498277187347,1.0615761280059814,2.6151857376098633
66,6.600662,1624895130350379,0.41272786,0.26191273,-0.15340024,0.42711756,0.2921602,-0.13830006,-2.7997835,-2.7423453,0.06574247,1.3744175,1.2187641,-0.14577678,-0.3939992,-0.45607957,-0.053819653,-0.4972061,-0.3412778,0.17591974,-1.3611827,-1.37366,-0.01031774,2.2484322,1.807403,-0.36948544,0.17273597419261932,0.07703860104084015,0.23039814829826355,0.565838098526001,1.3400063514709473
67,6.700637,1624895130450354,0.44179124,0.2331994,-0.2121673,0.45683938,0.25170732,-0.21021292,-2.8077273,-2.8804598,-0.08324802,1.4040505,1.2152941,-0.17677917,-0.4496188,-0.53013384,-0.069801316,-0.4230117,-0.16998169,0.2854708,-1.3835195,-1.4205999,-0.030662615,2.2553928,1.6644619,-0.4950701,0.23973578214645386,0.10321458429098129,0.28255829215049744,0.8751522302627563,2.1223556995391846
68,6.800588,1624895130550305,0.4680426,0.29184198,-0.17922087,0.48353583,0.3070684,-0.18083829,-2.8208928,-2.8443632,-0.026863724,1.4302619,1.2641376,-0.15558311,-0.50374055,-0.57853884,-0.06484525,-0.34314236,-0.111028396,0.26187313,-1.4024464,-1.432935,-0.02521171,2.2516787,1.7217451,-0.44396773,0.21221326291561127,0.10837526619434357,0.29631006717681885,0.6666883826255798,1.6419360637664795
69,6.900526,1624895130650243,0.492477,0.33436814,-0.160819,0.510547,0.34788713,-0.16668873,-2.8254483,-2.8673377,-0.04794575,1.453892,1.3016993,-0.14253561,-0.56074226,-0.6097884,-0.042519826,-0.2699947,-0.042268,0.25692338,-1.4206933,-1.4529573,-0.026679816,2.241694,1.7547083,-0.40798685,0.19724531471729279,0.11634508520364761,0.3088509440422058,0.5758810639381409,1.4271421432495117
70,7.000461,1624895130750178,0.51530415,0.3338087,-0.18460646,0.5348579,0.3482938,-0.19118507,-2.823074,-2.9659781,-0.16356494,1.4772593,1.3469385,-0.12205152,-0.62164754,-0.61965925,0.0017237195,-0.20468941,0.044579305,0.2812273,-1.4425293,-1.4835747,-0.033941377,2.2316997,1.7907555,-0.3694142,0.2027905285358429,0.11870460957288742,0.3046875596046448,0.751529335975647,1.7713230848312378
71,7.100396,1624895130850113,0.5367414,0.33004943,-0.21023485,0.55851376,0.34546438,-0.21832635,-2.8206208,-3.0407677,-0.25197545,1.4985925,1.384848,-0.10652705,-0.6782993,-0.63208956,0.040060848,-0.14246766,0.095297255,0.26824862,-1.4640156,-1.5062617,-0.034934245,2.2222252,1.830729,-0.32798767,0.20888489484786987,0.11997909098863602,0.29495593905448914,0.9395319819450378,2.120497465133667
72,7.20033,1624895130950047,0.55692095,0.40075424,-0.15884355,0.5812268,0.41567865,-0.16964859,-2.8227317,-2.9860697,-0.18695314,1.5155282,1.4308321,-0.079321824,-0.7239866,-0.631801,0.07991893,-0.08082911,0.12685648,0.23431282,-1.4785787,-1.4738595,0.0039023606,2.209665,1.9427583,-0.22360912,0.16068647801876068,0.11379054933786392,0.2770502269268036,0.6827927827835083,1.4976403713226318
73,7.300267,1624895131049984,0.57845867,0.5130718,-0.06650768,0.60581386,0.5326725,-0.07495295,-2.8216832,-2.8939922,-0.08276337,1.5299847,1.4757419,-0.050800968,-0.76232976,-0.64487576,0.10182497,-0.023520522,0.13672426,0.18078966,-1.487966,-1.4412954,0.038592923,2.198937,2.065595,-0.11171128,0.09778405725955963,0.11965200304985046,0.2874239981174469,0.18650668859481812,0.3725886940956116
74,7.40021,1624895131149927,0.5981206,0.5258643,-0.07349487,0.6287194,0.5462008,-0.08456246,-2.8175447,-2.901093,-0.09562762,1.5428227,1.516873,-0.024303125,-0.7997919,-0.70995843,0.07787974,0.027021237,0.1665695,0.15743966,-1.4982197,-1.4998542,-0.0013515868,2.189463,2.081569,-0.09039138,0.08754464238882065,0.11982445418834686,0.2744884788990021,0.24022673070430756,0.5050298571586609
75,7.500152,1624895131249869,0.61586416,0.578336,-0.038171425,0.64863116,0.5972803,-0.052622724,-2.8132272,-2.838165,-0.028543355,1.5585042,1.5443349,-0.013270247,-0.836392,-0.76731724,0.059883315,0.07726799,0.21626309,0.15681556,-1.5088418,-1.5042096,0.0038303994,2.183795,2.0908198,-0.07789271,0.07024609297513962,0.11054234206676483,0.24830187857151031,0.0751962885260582,0.1439632922410965
76,7.600096,1624895131349813,0.6330234,0.53028697,-0.10449741,0.66844195,0.5407309,-0.13087429,-2.807917,-2.9425306,-0.15407577,1.5706836,1.5240772,-0.043649096,-0.8668981,-0.8548685,0.010428922,0.1260382,0.31884256,0.21752368,-1.5137273,-1.5653354,-0.042675875,2.1774125,1.9142578,-0.22046578,0.13763360679149628,0.09856954962015152,0.21950653195381165,0.4157205820083618,1.0275527238845825
77,7.700037,1624895131449754,0.649136,0.6182169,-0.031449117,0.6875318,0.6247917,-0.06429414,-2.800655,-2.7483013,0.05992284,1.5774869,1.5561422,-0.019990277,-0.88090324,-0.8576127,0.02019136,0.16155903,0.30803373,0.16525413,-1.5087401,-1.5102665,-0.0012622761,2.1744332,2.0150976,-0.1334882,0.08265171200037003,0.09015128016471863,0.20239317417144775,0.05326394364237785,0.15776807069778442
78,7.799984,1624895131549701,0.6649759,0.597804,-0.06832326,0.70696723,0.60323167,-0.10630496,-2.7856388,-2.793271,-0.008735717,1.587258,1.5527877,-0.032283068,-0.90617025,-0.84914637,0.049435996,0.19465743,0.22956982,0.039388485,-1.511023,-1.5406196,-0.02447406,2.1718667,2.058666,-0.09483725,0.06192311272025108,0.08091804385185242,0.17878544330596924,0.3243078291416168,0.6878857612609863
79,7.89993,1624895131649647,0.68167204,0.53457385,-0.14961958,0.7266679,0.5417621,-0.18948564,-2.7709339,-2.8352823,-0.07365188,1.597943,1.5417142,-0.052660864,-0.92628986,-0.89865375,0.02395871,0.22905579,0.2513645,0.025168892,-1.5082424,-1.5656016,-0.047431614,2.1695795,2.002747,-0.13976888,0.1057598665356636,0.07854143530130386,0.16876591742038727,0.7422959804534912,1.5732618570327759
80,7.999874,1624895131749591,0.6960413,0.73192793,0.036501776,0.74425596,0.7371243,-0.0073082773,-2.7538247,-2.4240112,0.3774975,1.608472,1.5815456,-0.025217833,-0.9464817,-0.8301098,0.10088689,0.25713792,0.14810851,-0.123008,-1.5064747,-1.3866037,0.099124014,2.1686733,2.2392673,0.0591423,0.15131036937236786,0.06931192427873611,0.1418437957763672,0.27112877368927,0.7387703657150269
81,8.099815,1624895131849532,0.7124569,0.7458175,0.033932433,0.76501465,0.75309896,-0.01221082,-2.7393951,-2.5403147,0.22786327,1.614911,1.6127187,-0.002053153,-0.9582048,-0.8893444,0.059697498,0.28828356,0.2092103,-0.08921118,-1.4985759,-1.4532892,0.03744864,2.1663501,2.2431192,0.064315625,0.09373348206281662,0.07159482687711716,0.1343049556016922,0.17327620089054108,0.46755972504615784
82,8.199762,1624895131949479,0.7277,0.8460762,0.12040527,0.78401804,0.86099285,0.078881375,-2.7190611,-2.4508944,0.306938,1.6221073,1.688535,0.06221266,-0.9616839,-0.93459976,0.023480214,0.30370802,0.30897012,0.0059367577,-1.4891348,-1.4197094,0.057409365,2.1748292,2.3514786,0.14799327,0.13443653285503387,0.07442569732666016,0.13312102854251862,0.6213609576225281,1.3570215702056885
83,8.29971,1624895132049427,0.74252975,0.89011705,0.15011708,0.8010429,0.90457433,0.10609576,-2.701794,-2.3896985,0.35721776,1.625228,1.6767743,0.048275445,-0.9621307,-0.9711013,-0.0077768904,0.32072482,0.33317414,0.014045443,-1.4773866,-1.3981922,0.06548764,2.1819587,2.3067026,0.104507975,0.14966411888599396,0.0709909200668335,0.11618120223283768,0.7952755689620972,1.6653186082839966
84,8.399669,1624895132149386,0.76081437,0.88513273,0.1264493,0.82102054,0.8856535,0.06623383,-2.6773381,-2.3671236,0.35506496,1.6267889,1.663843,0.034702975,-0.9608533,-1.0470954,-0.07476632,0.3360523,0.45012882,0.1287022,-1.4627957,-1.4130284,0.04115375,2.1897566,2.1482794,-0.03474877,0.14692988991737366,0.07925792038440704,0.12699539959430695,0.7413121461868286,1.404120683670044
85,8.499652,1624895132249369,0.77514774,0.957992,0.1859784,0.8364089,0.9619189,0.1286187,-2.6532722,-2.3683188,0.32615155,1.6303016,1.7065393,0.07140016,-0.95709866,-1.0764145,-0.10343904,0.3404048,0.47076145,0.14706957,-1.4506339,-1.415906,0.0287173,2.205649,2.2374494,0.026641829,0.1567111760377884,0.07431039214134216,0.12347860634326935,0.9562352895736694,1.846745252609253
86,8.599661,1624895132349378,0.79259765,0.9535846,0.16374643,0.8541349,0.9487101,0.096917674,-2.625216,-2.3608646,0.30257097,1.6367844,1.670374,0.031458236,-0.96676546,-1.1675913,-0.17410296,0.35436705,0.60004514,0.27717632,-1.4423156,-1.4206907,0.017882131,2.217213,2.0573971,-0.13389046,0.17823079228401184,0.07714245468378067,0.1373206228017807,0.9378401041030884,1.6367498636245728
87,8.699692,1624895132449409,0.80601776,1.0004674,0.19778271,0.86688364,0.9992681,0.13566346,-2.605595,-2.2925117,0.3583486,1.6408757,1.6622397,0.020008363,-0.9643903,-1.1609656,-0.17041798,0.3617434,0.6611896,0.33783802,-1.4310614,-1.3570052,0.06123868,2.2324755,2.0290534,-0.17042294,0.21281082928180695,0.06437210738658905,0.11732948571443558,1.184662938117981,2.1060144901275635
88,8.799741,1624895132549458,0.82037795,0.9280903,0.10955862,0.8814188,0.9178621,0.037345946,-2.5802555,-2.358292,0.2540546,1.6460483,1.6485642,0.0023562696,-0.969427,-1.2289805,-0.22501604,0.36861593,0.7866189,0.47159484,-1.4228477,-1.397685,0.020807594,2.2478702,1.8598211,-0.3250998,0.23903551697731018,0.056183405220508575,0.10699836909770966,0.7807475328445435,1.1262134313583374
89,8.899813,1624895132649530,0.83570206,0.8985314,0.06390627,0.89655,0.879251,-0.01772747,-2.5549996,-2.4435494,0.12756352,1.6497666,1.6574585,0.0072038993,-0.9678578,-1.2984991,-0.28664452,0.37205535,0.8566343,0.5467065,-1.4110322,-1.4664308,-0.045810323,2.2639222,1.7854712,-0.40083668,0.26564645767211914,0.050355806946754456,0.10579946637153625,0.49168330430984497,0.4427042007446289
90,8.999903,1624895132749620,0.8543821,0.77658033,-0.07913536,0.9147431,0.7653088,-0.15313563,-2.5240853,-2.716448,-0.22017436,1.6569898,1.6539721,-0.0028261836,-0.98380435,-1.4294456,-0.386342,0.38138205,0.93365175,0.62307584,-1.4046234,-1.642257,-0.1965045,2.2729163,1.5965347,-0.566659,0.34917718172073364,0.053207121789455414,0.12907202541828156,0.3575519025325775,1.3430362939834595
91,9.099995,1624895132849712,0.8753108,0.78842986,-0.088370144,0.9352174,0.7644021,-0.17504616,-2.4935892,-2.8208141,-0.37453476,1.6602806,1.6700938,0.009190512,-0.9914872,-1.2149922,-0.19376425,0.39143974,0.84992224,0.51726425,-1.3910431,-1.5657237,-0.14444727,2.278944,1.8032036,-0.3985658,0.2880186140537262,0.07007787376642227,0.181007519364357,0.5043124556541443,1.5065160989761353
92,9.200071,1624895132949788,0.8917915,0.57348245,-0.3237652,0.9494912,0.5472045,-0.41225082,-2.4807506,-2.8968844,-0.476298,1.6607084,1.5531945,-0.10069181,-0.9872922,-0.9459073,0.035877995,0.41400817,0.76209,0.3927092,-1.3719496,-1.4385484,-0.055072106,2.2723017,1.7537311,-0.434448,0.32769250869750977,0.06639072299003601,0.17696741223335266,1.6954888105392456,3.7416956424713135
93,9.30014,1624895133049857,0.90930283,0.9232262,0.014162006,0.96588504,0.9167552,-0.050346725,-2.4598353,-2.639466,-0.20560154,1.6631409,1.6609067,-0.0020924523,-0.9948006,-1.3341982,-0.29423565,0.43445703,0.9528441,0.5848491,-1.3581804,-1.4749885,-0.09659118,2.2651954,1.7157924,-0.4602788,0.2947077453136444,0.068696029484272,0.18857015669345856,0.2230924516916275,0.27544793486595154
94,9.400199,1624895133149916,0.9299862,0.7563733,-0.17658877,0.98513365,0.74517447,-0.24590266,-2.4358668,-2.8251972,-0.4456193,1.6656815,1.6408261,-0.023278223,-1.0078177,-1.4647518,-0.3961321,0.46256465,1.0647159,0.6793526,-1.3427058,-1.632283,-0.23945777,2.252054,1.4445297,-0.67652774,0.4219360947608948,0.08554849773645401,0.225839301943779,0.7638029456138611,2.369136095046997
95,9.500257,1624895133249974,0.94710714,0.90075684,-0.04714479,1.0024762,0.8876558,-0.117664374,-2.4045453,-2.8173923,-0.47253597,1.6736966,1.7640042,0.08457729,-1.0383232,-1.244624,-0.17884941,0.4838339,0.87910014,0.44594306,-1.3397584,-1.5549426,-0.17794062,2.2432892,1.9783586,-0.22195356,0.2641707956790924,0.08763978630304337,0.2290201634168625,0.4375464618206024,1.2489389181137085
96,9.600311,1624895133350028,0.96482664,0.98488903,0.020406276,1.0188713,0.98153234,-0.03826381,-2.382308,-2.793851,-0.47104326,1.6757171,1.7988591,0.11532826,-1.0546776,-1.0639058,-0.008000274,0.5107674,0.7185429,0.23441422,-1.3275771,-1.470642,-0.118303515,2.2294059,2.3012106,0.06015659,0.19675220549106598,0.09443832188844681,0.23900958895683289,0.2792454957962036,0.6151556968688965
97,9.700362,1624895133450079,0.9798654,0.964261,-0.01587185,1.0330029,0.94857615,-0.08651784,-2.3598218,-2.4797008,-0.13721097,1.6806688,1.7234545,0.04007076,-1.0715868,-1.3437529,-0.23595022,0.5329918,0.8750134,0.38587195,-1.3194456,-1.4998935,-0.14921641,2.2217548,1.8450896,-0.3155626,0.21053050458431244,0.09102309495210648,0.23181742429733276,0.16107656061649323,0.5679426789283752
98,9.800414,1624895133550131,0.99614644,1.0444651,0.04914685,1.0491128,1.031926,-0.017612455,-2.3420465,-2.72859,-0.44242948,1.6831332,1.8313286,0.13879192,-1.0939661,-1.2983958,-0.17722718,0.5713179,0.75513047,0.20737904,-1.3087187,-1.6027553,-0.24314544,2.2017982,2.2150004,0.011060531,0.20958000421524048,0.09311593323945999,0.23632968962192535,0.2233416736125946,0.6217311024665833
99,9.900464,1624895133650181,1.0110095,0.9378778,-0.074385226,1.063328,0.94149435,-0.124851346,-2.3230426,-2.3255353,-0.002853053,1.6865047,1.6962804,0.009155343,-1.1204828,-1.5271267,-0.35253376,0.6054272,0.921516,0.35661432,-1.301336,-1.5546658,-0.20948401,2.1830766,1.6137478,-0.47697225,0.26078078150749207,0.09141341596841812,0.23305357992649078,0.26420819759368896,0.9366452097892761
100,10.000512,1624895133750229,1.0256535,1.0958303,0.071379736,1.077582,1.0880038,0.010679887,-2.3030057,-1.978915,0.37094736,1.6882979,1.7556151,0.063045755,-1.1456817,-1.46902,-0.28031325,0.6357551,0.70282584,0.07566982,-1.2951577,-1.4733624,-0.1473615,2.1648314,1.9026827,-0.21962297,0.1939835548400879,0.09080588817596436,0.23808573186397552,0.5306845307350159,0.8420702815055847
101,10.10056,1624895133850277,1.0431592,1.023048,-0.020455929,1.0953872,1.0062621,-0.091332674,-2.2729619,-2.2850995,-0.013892498,1.6909516,1.7311579,0.037655097,-1.1758054,-1.7540973,-0.50134146,0.662943,1.046479,0.43270886,-1.2895156,-1.6502618,-0.29830903,2.1487398,1.5490053,-0.5024456,0.31432288885116577,0.11141149699687958,0.2878098785877228,0.26480719447135925,0.7259681224822998
102,10.200611,1624895133950328,1.0602088,1.0001915,-0.0610461,1.1121626,0.9975671,-0.11743385,-2.2440114,-2.4717798,-0.26069888,1.6960742,1.7489166,0.049489364,-1.2109041,-1.6384434,-0.37064868,0.69365036,1.1232086,0.48463166,-1.2864753,-1.599226,-0.25862053,2.1296146,1.6148267,-0.431279,0.29855167865753174,0.11565305292606354,0.2992912530899048,0.31935372948646545,1.1279231309890747
103,10.300663,1624895134050380,1.078285,0.968603,-0.11156201,1.1278337,0.9722778,-0.15940882,-2.2157288,-2.555275,-0.38863736,1.6987926,1.7209455,0.02074723,-1.2483449,-1.6174854,-0.3200208,0.7245153,1.2801142,0.6268318,-1.2830611,-1.5393167,-0.2119034,2.102518,1.5074458,-0.49853963,0.34966108202934265,0.11312612146139145,0.29898586869239807,0.4453299939632416,1.4933744668960571
104,10.400697,1624895134150414,1.0965749,1.1148287,0.01856669,1.1433904,1.1116027,-0.032575093,-2.189429,-2.3757963,-0.21331203,1.6996025,1.7552742,0.052139148,-1.2706962,-1.5681525,-0.25787532,0.74973226,1.2067695,0.51563364,-1.2727318,-1.4589187,-0.1539621,2.0821283,1.7053881,-0.3156254,0.2513284385204315,0.1206856518983841,0.3216806948184967,0.16450604796409607,0.2898690104484558
105,10.500714,1624895134250431,1.1162195,1.1585927,0.043099497,1.1599979,1.1402436,-0.02024358,-2.154364,-2.6683989,-0.5883533,1.7013649,1.902716,0.1885748,-1.3042985,-1.5008446,-0.17039266,0.7702461,1.0361285,0.29997104,-1.2676965,-1.6088878,-0.28213868,2.0592747,2.1012883,0.03519819,0.27014923095703125,0.1334364414215088,0.34740757942199707,0.3004245460033417,0.7500936388969421
106,10.600709,1624895134350426,1.1343681,1.2488602,0.11645468,1.1751966,1.2337991,0.06005396,-2.122084,-2.4956431,-0.42756796,1.7028983,1.9183902,0.20181826,-1.3352399,-1.428018,-0.080432564,0.7898262,0.8884637,0.111283705,-1.2619799,-1.5372592,-0.22763456,2.0371065,2.2792325,0.2028483,0.20992009341716766,0.1476631462574005,0.3767911195755005,0.038884393870830536,0.029882803559303284
107,10.700684,1624895134450401,1.150325,1.3308245,0.18359348,1.1870953,1.3290223,0.14544235,-2.0909076,-2.256757,-0.18982776,1.7079796,1.9046308,0.18417308,-1.3754594,-1.4576377,-0.07124318,0.81210643,0.88380104,0.08088653,-1.262836,-1.4394109,-0.14601375,2.0109649,2.2580693,0.20701912,0.15835462510585785,0.148034006357193,0.3697788715362549,0.3790086805820465,0.8547406196594238
108,10.800649,1624895134550366,1.1645688,1.2543608,0.09133113,1.1980981,1.2509176,0.05412776,-2.0596483,-2.1972647,-0.1575128,1.7130876,1.8791442,0.15551981,-1.4077603,-1.5470928,-0.12079224,0.8279194,1.0239959,0.22121528,-1.2613502,-1.4443988,-0.15136696,1.9909978,2.0562832,0.05469484,0.1367928832769394,0.14945298433303833,0.3679068684577942,0.20493753254413605,0.34956735372543335
109,10.900593,1624895134650310,1.1777108,1.2555507,0.07917422,1.2084572,1.2458464,0.03831524,-2.0293717,-2.3378682,-0.3530985,1.7151225,1.8747977,0.14954334,-1.4383097,-1.5597236,-0.10525799,0.84187394,1.1794555,0.38086268,-1.2590455,-1.4398761,-0.14953285,1.9674028,1.9740627,0.005579502,0.20411552488803864,0.1505589783191681,0.36428549885749817,0.08836039900779724,0.1413077861070633
110,11.000529,1624895134750246,1.1897923,1.1368343,-0.05386576,1.2193784,1.1361139,-0.08532682,-2.0121126,-2.226057,-0.24487625,1.7098328,1.7897815,0.07487567,-1.4489261,-1.7283797,-0.24226812,0.8609612,1.2970148,0.49195978,-1.2481254,-1.47453,-0.18721896,1.9459509,1.5879016,-0.2999665,0.25037524104118347,0.1512177586555481,0.35681819915771484,0.2074880748987198,0.7373426556587219
111,11.10047,1624895134850187,1.2029151,1.3047085,0.103538245,1.2300218,1.2992797,0.070973285,-1.9760714,-2.2368293,-0.29845798,1.7135139,1.8803647,0.15626359,-1.4772248,-1.6007117,-0.10705508,0.8650742,1.2216215,0.40225998,-1.2467905,-1.4105896,-0.13544908,1.9318426,1.9399954,0.006830288,0.20028723776340485,0.1583944857120514,0.36809664964675903,0.1869303584098816,0.23833653330802917
112,11.200409,1624895134950126,1.2141368,1.1846712,-0.029970745,1.238844,1.1732442,-0.06722462,-1.9513032,-2.573507,-0.7121613,1.7148334,1.9289726,0.20055142,-1.4942936,-1.6877984,-0.16775608,0.8742896,1.27723,0.45460117,-1.2412447,-1.6223215,-0.3151209,1.9197471,1.897815,-0.018374296,0.33302685618400574,0.1579202562570572,0.3652604818344116,0.5604367852210999,1.3724066019058228
113,11.300358,1624895135050075,1.2256919,1.3203434,0.09627388,1.2497226,1.3070227,0.05871934,-1.9309814,-2.4317012,-0.5731132,1.7104831,1.9282695,0.2039672,-1.5026257,-1.5675548,-0.05628933,0.8869835,1.096984,0.23692454,-1.2296563,-1.5092216,-0.2311787,1.9047195,2.118897,0.17943361,0.256836473941803,0.1626332849264145,0.3709474802017212,0.18237286806106567,0.381456196308136
114,11.40031,1624895135150027,1.2367392,1.3073187,0.07178933,1.2594455,1.2890621,0.030350158,-1.9091744,-2.4545922,-0.6242736,1.7083038,1.9212338,0.19941889,-1.5082977,-1.6239718,-0.100281954,0.8936845,1.1521882,0.29164624,-1.2189927,-1.5343833,-0.2608035,1.8959019,2.0398076,0.120561264,0.27686363458633423,0.1672639101743698,0.3826441466808319,0.27394574880599976,0.6336941123008728
115,11.50026,1624895135249977,1.2460469,1.2726296,0.027038371,1.268119,1.2583601,-0.010000544,-1.8925549,-2.382775,-0.5610956,1.704439,1.9139961,0.19626,-1.5148964,-1.7122933,-0.17113024,0.9057161,1.1213304,0.24325801,-1.2100232,-1.5907229,-0.3148091,1.8797824,1.9740219,0.07895195,0.2617191970348358,0.1629318743944168,0.36489546298980713,0.3545268177986145,0.8460462093353271
116,11.60021,1624895135349927,1.2558768,1.3079277,0.05294315,1.2783217,1.302096,0.024363125,-1.8693502,-1.8787313,-0.010737358,1.6982406,1.7863824,0.082548924,-1.5291278,-1.741485,-0.18409984,0.9172731,1.1445014,0.25636113,-1.2010355,-1.3686088,-0.13857011,1.8561236,1.6882956,-0.1406029,0.13643257319927216,0.1648482233285904,0.3570069670677185,0.30170121788978577,0.33907049894332886
117,11.700164,1624895135449881,1.2639325,1.3655692,0.103378914,1.2848544,1.3584356,0.07540373,-1.842415,-2.1113863,-0.30785885,1.6997883,1.87333,0.1625299,-1.5497546,-1.6898018,-0.1214118,0.918223,1.1681358,0.28195387,-1.2004021,-1.426374,-0.18686113,1.8429054,1.9145675,0.060037047,0.18382270634174347,0.15379096567630768,0.31903836131095886,0.09722080081701279,0.08312591910362244
118,11.800117,1624895135549834,1.2696589,1.4244171,0.15741092,1.290307,1.4132761,0.12601481,-1.8342674,-2.070127,-0.26995993,1.6939026,1.8679312,0.16298597,-1.5520401,-1.6397369,-0.07602741,0.93052125,1.1465889,0.24376956,-1.1921018,-1.3664976,-0.14421177,1.8274596,1.9798695,0.12768598,0.1740708202123642,0.12955452501773834,0.27012962102890015,0.22127623856067657,0.39355528354644775
119,11.900067,1624895135649784,1.2780212,1.3967875,0.120802075,1.2994367,1.3872838,0.09002297,-1.8272842,-2.1166716,-0.33122662,1.6835986,1.8799168,0.18386115,-1.5431001,-1.656555,-0.09835805,0.94863045,1.1439114,0.22031774,-1.1733972,-1.4083315,-0.19427243,1.8093055,1.9856462,0.1477347,0.18841271102428436,0.11829546838998795,0.2310161590576172,0.04248516634106636,0.06655310839414597
